Test File Name,No saturation Result,Round Robin Saturation Result,Chunking Saturation Result,All Passed
0,P,F,P,F
1,P,P,P,P
2,P,P,P,P
3,P,P,F,F
4,P,P,P,P
5,P,P,P,P
6,P,P,P,P
7,P,P,F,F
8,P,P,P,P
9,P,P,P,P
10,P,P,F,F
11,P,F,F,F
12,P,P,P,P
13,P,P,P,P
14,P,P,P,P
15,P,P,F,F
16,P,P,P,P
17,P,P,P,P
18,P,P,P,P
19,P,P,P,P
20,P,F,P,F
21,P,P,P,P
22,P,P,P,P
23,P,P,P,P
24,P,P,F,F
25,P,P,F,F
26,P,P,F,F
27,P,P,P,P
28,P,P,P,P
29,P,P,P,P
30,P,P,F,F
31,P,P,P,P
32,P,F,P,F
33,P,P,F,F
34,P,P,P,P
35,P,P,P,P
36,P,F,P,F
37,P,P,F,F
38,P,P,F,F
39,P,P,P,P
40,P,F,F,F
41,P,P,F,F
42,P,P,P,P
43,P,P,P,P
44,P,P,F,F
45,P,P,P,P
46,P,P,P,P
47,P,P,P,P
48,P,P,F,F
49,P,P,F,F
50,P,P,P,P
51,P,P,F,F
52,P,P,P,P
53,P,F,P,F
54,P,P,P,P
55,P,P,P,P
56,P,P,P,P
57,P,P,P,P
58,P,P,F,F
59,P,P,P,P
60,P,P,P,P
61,P,P,F,F
62,P,P,P,P
63,P,P,P,P
64,P,P,P,P
65,P,P,F,F
66,P,P,P,P
67,P,P,F,F
68,F,P,P,F
69,P,F,P,F
70,P,P,F,F
71,P,P,P,P
72,P,P,P,P
73,P,P,P,P
74,P,P,F,F
75,P,F,P,F
76,P,P,P,P
77,P,P,F,F
78,P,F,P,F
79,P,P,F,F
80,P,P,P,P
81,P,P,P,P
82,P,P,P,P
83,P,P,P,P
84,P,F,P,F
85,P,P,P,P
86,P,F,P,F
87,P,P,P,P
88,P,P,P,P
89,P,P,P,P
90,P,P,P,P
91,P,P,P,P
92,P,P,P,P
93,P,F,P,F
94,P,P,P,P
95,P,P,P,P
96,P,F,P,F
97,P,P,P,P
98,P,P,F,F
99,P,P,P,P
100,P,F,P,F
101,P,P,P,P
102,P,P,P,P
103,P,P,P,P
104,P,F,P,F
105,P,P,P,P
106,P,P,F,F
107,P,P,P,P
108,P,P,P,P
109,P,P,F,F
110,P,F,P,F
111,P,P,F,F
112,P,P,P,P
113,P,P,P,P
114,P,P,P,P
115,P,P,F,F
116,P,P,P,P
117,P,P,F,F
118,P,F,P,F
119,P,P,F,F
120,P,P,P,P
121,P,P,F,F
122,P,P,F,F
123,P,P,P,P
124,P,P,P,P
125,P,P,P,P
126,P,P,P,P
127,P,P,P,P
128,P,P,P,P
129,P,P,P,P
130,P,P,P,P
131,P,P,P,P
132,P,P,P,P
133,P,P,F,F
134,P,P,F,F
135,P,F,P,F
136,P,P,P,P
137,P,P,P,P
138,P,P,F,F
139,P,P,P,P
140,P,P,P,P
141,P,P,P,P
142,P,P,P,P
143,P,P,F,F
144,P,P,P,P
145,P,P,P,P
146,P,P,P,P
147,P,F,P,F
148,P,P,P,P
149,P,P,P,P
150,P,F,P,F
151,P,P,P,P
152,P,F,P,F
153,P,F,P,F
154,P,P,P,P
155,P,F,P,F
156,P,P,P,P
157,P,P,P,P
158,P,P,P,P
159,P,P,P,P
160,P,P,P,P
161,P,P,P,P
162,P,F,P,F
163,P,P,P,P
164,P,P,F,F
165,P,F,P,F
166,P,P,P,P
167,P,P,P,P
168,P,P,P,P
169,P,P,P,P
170,P,P,P,P
171,P,P,P,P
172,P,F,P,F
173,P,P,P,P
174,P,F,P,F
175,P,P,P,P
Total failures:,1,28,40,67
