Test File Name,No saturation (same subgroup,Round Robin Saturation,Chunking Saturation,All Passed
0,P,P,F,F
1,P,P,F,F
2,P,P,F,F
3,P,P,F,F
4,P,P,F,F
5,P,P,F,F
6,P,F,F,F
7,P,P,F,F
8,P,P,F,F
9,P,P,F,F
10,P,P,F,F
11,P,P,F,F
12,P,P,F,F
13,P,P,F,F
14,P,P,F,F
15,P,P,F,F
16,P,P,F,F
17,P,P,F,F
18,P,F,F,F
19,P,P,F,F
20,P,P,F,F
21,P,P,F,F
22,P,P,P,P
23,P,P,F,F
24,P,P,F,F
25,P,P,F,F
26,P,P,F,F
27,P,P,F,F
28,P,P,P,P
29,P,P,F,F
30,P,P,P,P
31,P,P,F,F
32,P,P,F,F
33,P,P,F,F
34,P,P,F,F
35,P,P,F,F
36,P,P,F,F
37,P,P,F,F
38,F,F,F,F
39,F,F,F,F
40,F,F,F,F
41,F,F,F,F
42,P,P,F,F
43,P,P,F,F
44,P,P,F,F
45,P,P,F,F
46,P,P,P,P
47,P,P,F,F
48,P,P,P,P
49,P,P,F,F
50,P,P,P,P
51,P,P,F,F
52,P,P,P,P
53,P,P,F,F
54,P,P,P,P
55,P,P,P,P
56,P,P,F,F
57,P,P,F,F
58,P,P,P,P
59,P,P,F,F
60,P,P,P,P
61,P,P,F,F
62,P,P,F,F
63,P,P,P,P
64,P,P,F,F
65,P,P,F,F
66,P,P,F,F
67,P,P,F,F
68,P,P,F,F
69,P,P,P,P
70,P,P,F,F
71,P,P,P,P
72,P,P,F,F
73,P,P,F,F
74,P,P,F,F
75,P,P,P,P
76,P,P,P,P
77,P,P,F,F
78,P,P,F,F
79,P,P,P,P
80,P,P,F,F
81,P,P,P,P
82,F,F,F,F
83,P,F,P,F
84,F,F,F,F
85,F,F,F,F
86,P,P,F,F
87,P,P,F,F
88,P,P,P,P
89,P,P,F,F
90,P,P,F,F
91,P,P,F,F
92,P,P,F,F
93,P,P,F,F
94,P,P,F,F
95,P,P,F,F
96,P,P,P,P
97,P,P,F,F
98,P,P,F,F
99,P,P,P,P
100,P,P,F,F
101,P,P,P,P
102,P,P,P,P
103,P,P,F,F
104,P,P,F,F
105,P,P,F,F
106,F,F,F,F
107,F,F,F,F
108,P,P,F,F
109,P,P,F,F
110,P,P,P,P
111,P,P,F,F
112,P,P,F,F
113,P,P,P,P
114,P,P,F,F
115,P,P,P,P
116,F,F,P,F
117,F,F,F,F
118,P,P,P,P
119,P,P,P,P
120,P,P,P,P
121,P,P,F,F
122,P,P,P,P
123,P,P,F,F
124,P,P,P,P
125,P,P,P,P
126,P,P,P,P
127,P,P,F,F
128,P,F,P,F
129,F,F,F,F
130,P,F,F,F
131,F,F,F,F
132,P,P,F,F
133,P,P,P,P
134,P,P,P,P
135,P,P,F,F
136,P,P,F,F
137,P,P,P,P
138,P,P,F,F
139,P,P,P,P
140,P,F,P,F
141,P,P,F,F
142,P,F,P,F
143,P,P,F,F
144,P,P,F,F
145,P,P,P,P
146,F,F,F,F
147,F,F,F,F
148,P,P,F,F
149,P,P,F,F
150,F,F,F,F
151,F,F,F,F
152,P,P,F,F
153,P,P,F,F
154,P,P,F,F
155,P,P,P,P
156,P,P,P,P
157,P,P,F,F
158,P,P,F,F
159,P,P,P,P
160,P,P,F,F
161,P,P,P,P
162,P,P,F,F
163,P,P,F,F
164,P,P,F,F
165,P,P,F,F
166,F,F,F,F
167,F,F,F,F
168,P,P,P,P
169,P,P,P,P
170,P,P,P,P
171,P,P,P,P
172,P,P,P,P
Total failures:,19,26,121,126
